train_time_ms	step	val_bpb	step_avg_ms
0	0	4.10770000	0.0000
91692	1500	1.34640000	61.1280
184587	3000	1.30020000	61.5290
278373	4500	1.28120000	61.8610
372868	6000	1.26970000	62.1450
469246	7500	1.25980000	62.5660
560881	9000	1.24230000	62.3200
602144	9537	1.22910000	63.1360
